run_tag,objective,episodes,success_rate,stranded_rate,avg_minutes,avg_cost_gbp,avg_charge_events
Divya_hybrid_dt10_topk3_vot0p05,cost,62,0.016129032258064516,0.0,814.8110752688178,15.39971949509115,59.03225806451613
Divya_hybrid_dt10_topk3_vot0p05,hybrid,75,0.05333333333333334,0.0,785.2760113348254,14.848695652173898,56.92
Divya_hybrid_dt10_topk3_vot0p05,time,63,0.031746031746031744,0.0,802.135120556799,15.051759834368516,58.095238095238095
Hatim_hybrid_dt10_vot0p05,cost,62,0.03225806451612903,0.0,809.6497416468218,15.34712482468442,58.645161290322584
Hatim_hybrid_dt10_vot0p05,hybrid,75,0.05333333333333334,0.0,783.6259979120066,14.843478260869551,56.8
Hatim_hybrid_dt10_vot0p05,time,63,0.07936507936507936,0.0,763.3252771563516,14.337474120082803,55.23809523809524
Vishesh_hybrid_dt10_vot0p10,cost,62,1.0,0.0,27.338709677419356,0.0,0.0
Vishesh_hybrid_dt10_vot0p10,hybrid,75,1.0,0.0,24.786666666666665,0.0,0.0
Vishesh_hybrid_dt10_vot0p10,time,63,1.0,0.0,27.22222222222222,0.0,0.0
