policy,objective_user,success_rate,median_minutes,iqr_minutes,median_cost,iqr_cost,mean_charges,median_soc_final
cost,cost,1.0,20.0,10.0,0.0,0.0,0.0,0.1725531416582797
cost,hybrid,0.9985443959243085,20.0,10.0,0.0,0.0,0.0,0.1567940277123052
cost,time,1.0,20.0,10.0,0.0,0.0,0.0,0.14244099486863426
hybrid,cost,1.0,20.0,10.0,0.0,0.0,0.0,0.1725531416582797
hybrid,hybrid,0.9985443959243085,20.0,10.0,0.0,0.0,0.0,0.1567940277123052
hybrid,time,1.0,20.0,10.0,0.0,0.0,0.0,0.14244099486863426
time,cost,0.0,13.750111856823267,0.0,0.2717391304347826,0.0,1.0,0.23640976806921304
time,hybrid,0.0,13.750111856823267,0.0,0.2717391304347826,0.0,1.0,0.24307572656198817
time,time,0.0,13.750111856823267,0.0,0.2717391304347826,0.0,1.0,0.23402632265563728
