policy,objective_user,success_rate,median_minutes,iqr_minutes,median_cost,iqr_cost,mean_charges,median_soc_final
cost,cost,1.0,20.0,12.0,0.0,0.0,0.0,0.14444925933279298
cost,hybrid,0.9972144846796658,26.0,10.0,0.0,0.0,0.0,0.1477769707025296
cost,time,1.0,20.0,10.0,0.0,0.0,0.0,0.14366276699711047
hybrid,cost,1.0,20.0,12.0,0.0,0.0,0.0,0.14444925933279298
hybrid,hybrid,0.9972144846796658,26.0,10.0,0.0,0.0,0.0,0.1477769707025296
hybrid,time,1.0,20.0,10.0,0.0,0.0,0.0,0.14366276699711047
time,cost,0.0,12.250111856823267,0.0,0.2717391304347826,0.0,1.0,0.23267363810223832
time,hybrid,0.0,12.250111856823267,0.0,0.2717391304347826,0.0,1.0,0.24883669284140972
time,time,0.0,12.250111856823267,0.0,0.2717391304347826,0.0,1.0,0.23356314422668895
